id,team_one,team_two,date,blueWin
36244,3763,3850,2025-01-11,0
36245,3851,3852,2025-01-11,1
36246,3853,3854,2025-01-11,0
36247,3855,3856,2025-01-11,0
36248,3850,3853,2025-01-12,1
36249,3763,3852,2025-01-12,1
36250,3851,3855,2025-01-12,1
36251,3854,3856,2025-01-12,1
36252,3852,3855,2025-01-18,1
36253,3851,3854,2025-01-18,0
36254,3853,3763,2025-01-18,0
36255,3850,3856,2025-01-18,1
36256,3852,3854,2025-01-19,0
36257,3850,3851,2025-01-19,1
36258,3855,3763,2025-01-19,1
36259,3853,3856,2025-01-19,1
36260,3763,3856,2025-01-25,1
36261,3850,3852,2025-01-25,1
36262,3853,3851,2025-01-25,1
36263,3856,3851,2025-01-26,0
36264,3853,3852,2025-01-26,1
36265,3763,3854,2025-01-26,1
36266,3855,3850,2025-01-26,1
36267,3857,3858,2025-01-13,1
36268,3859,3860,2025-01-13,0
36269,3861,3862,2025-01-13,0
36270,3863,3864,2025-01-14,1
36271,3865,3866,2025-01-14,1
36272,3858,3859,2025-01-16,1
36273,3865,3857,2025-01-16,1
36274,3864,3862,2025-01-16,0
36275,3860,3866,2025-01-17,1
36276,3861,3863,2025-01-17,1
36277,3864,3859,2025-01-20,1
36278,3861,3866,2025-01-20,0
36279,3858,3863,2025-01-20,1
36280,3865,3862,2025-01-21,1
36281,3860,3857,2025-01-21,1
36282,3861,3857,2025-01-23,1
36283,3866,3864,2025-01-23,0
36284,3860,3863,2025-01-23,0
36285,3859,3865,2025-01-24,0
36286,3862,3858,2025-01-24,1
36287,3867,3754,2025-01-14,1
36288,3868,3869,2025-01-14,1
36289,3870,3753,2025-01-14,0
36290,3871,3872,2025-01-14,0
36291,3873,3874,2025-01-14,1
36292,3870,3868,2025-01-15,0
36293,3872,3867,2025-01-15,0
36294,3871,3869,2025-01-15,1
36295,3753,3873,2025-01-15,0
36296,3874,3754,2025-01-15,1
36297,3869,3872,2025-01-16,0
36298,3873,3868,2025-01-16,0
36299,3867,3874,2025-01-16,0
36300,3870,3871,2025-01-16,1
36301,3754,3753,2025-01-16,0
36302,3753,3867,2025-01-21,0
36303,3754,3868,2025-01-21,0
36304,3872,3874,2025-01-21,1
36305,3871,3873,2025-01-21,1
36306,3870,3869,2025-01-21,1
36307,3873,3869,2025-01-22,1
36308,3874,3753,2025-01-22,1
36309,3871,3754,2025-01-22,1
36310,3870,3872,2025-01-22,1
36311,3867,3868,2025-01-22,1
36312,3872,3753,2025-01-23,0
36313,3754,3869,2025-01-23,0
36314,3871,3867,2025-01-23,0
36315,3868,3874,2025-01-23,1
36316,3840,3843,2025-01-15,1
36317,3875,3844,2025-01-15,1
36318,3842,3841,2025-01-16,1
36319,3849,3846,2025-01-16,1
36320,3848,3845,2025-01-17,1
36321,3844,3840,2025-01-17,1
36322,3849,3875,2025-01-18,1
36323,3843,3846,2025-01-18,0
36324,3841,3845,2025-01-19,0
36325,3842,3848,2025-01-19,0
36326,3849,3842,2025-01-22,1
36327,3875,3843,2025-01-22,1
36328,3840,3848,2025-01-23,1
36329,3845,3844,2025-01-23,1
36330,3843,3842,2025-01-24,1
36331,3846,3841,2025-01-24,1
36332,3845,3849,2025-01-25,1
36333,3848,3875,2025-01-25,1
36334,3846,3844,2025-01-26,1
36335,3841,3840,2025-01-26,1
36336,3876,3877,2025-01-15,1
36337,3878,3879,2025-01-15,0
36338,3880,3876,2025-01-15,0
36339,3879,3877,2025-01-15,0
36340,3878,3880,2025-01-15,1
36341,3881,3769,2025-01-16,0
36342,3882,3883,2025-01-16,0
36343,3881,3822,2025-01-16,1
36344,3883,3769,2025-01-16,0
36345,3822,3882,2025-01-16,0
36346,3878,3877,2025-01-22,0
36347,3879,3880,2025-01-22,0
36348,3876,3878,2025-01-22,1
36349,3877,3880,2025-01-22,1
36350,3879,3876,2025-01-22,0
36351,3769,3882,2025-01-23,1
36352,3883,3822,2025-01-23,1
36353,3881,3882,2025-01-23,1
36354,3822,3769,2025-01-23,0
36355,3881,3883,2025-01-23,1
36356,3878,3880,2025-01-24,1
36357,3879,3880,2025-01-24,1
36358,3878,3879,2025-01-24,1
36359,3884,3885,2025-01-17,0
36360,3886,3887,2025-01-17,1
36361,3888,3889,2025-01-18,1
36362,3890,3891,2025-01-18,1
36363,3887,3885,2025-01-19,1
36364,3886,3884,2025-01-19,0
36365,3891,3889,2025-01-24,0
36366,3890,3888,2025-01-24,1
36367,3886,3885,2025-01-25,1
36368,3891,3888,2025-01-26,0
36369,3890,3889,2025-01-26,1
36370,3892,3893,2025-01-18,0
36371,3894,3895,2025-01-18,1
36372,3896,3897,2025-01-18,1
36373,3898,3899,2025-01-18,1
36374,3900,3901,2025-01-18,1
36375,3892,3897,2025-01-19,1
36376,3893,3896,2025-01-19,0
36377,3898,3900,2025-01-19,0
36378,3901,3895,2025-01-19,0
36379,3899,3894,2025-01-19,1
36380,3895,3893,2025-01-20,1
36381,3892,3899,2025-01-20,0
36382,3898,3894,2025-01-20,1
36383,3901,3897,2025-01-20,1
36384,3896,3900,2025-01-20,1
36385,3893,3899,2025-01-25,0
36386,3895,3892,2025-01-25,0
36387,3896,3898,2025-01-25,0
36388,3894,3901,2025-01-25,0
36389,3900,3897,2025-01-25,1
36390,3896,3892,2025-01-26,1
36391,3897,3894,2025-01-26,0
36392,3899,3901,2025-01-26,1
36393,3900,3893,2025-01-26,1
36394,3895,3898,2025-01-26,0
36395,3894,3893,2025-01-27,1
36396,3899,3895,2025-01-27,1
36397,3901,3896,2025-01-27,1
36398,3902,3903,2025-01-21,1
36399,3904,3905,2025-01-21,1
36400,3729,3732,2025-01-21,0
36401,3906,3907,2025-01-21,0
36402,3732,3906,2025-01-22,0
36403,3907,3902,2025-01-22,1
36404,3905,3729,2025-01-22,1
36405,3903,3904,2025-01-22,0
36406,3906,3905,2025-01-23,1
36407,3729,3903,2025-01-23,1
36408,3902,3904,2025-01-23,1
36409,3907,3732,2025-01-23,1
36410,3908,3909,2025-01-21,1
36411,3910,3911,2025-01-21,1
36412,3914,3915,2025-01-22,1
36413,3926,3927,2025-01-22,1
36414,3912,3913,2025-01-22,1
36415,3918,3760,2025-01-22,1
36416,3922,3923,2025-01-22,1
36417,3924,3925,2025-01-22,1
36418,3760,3913,2025-01-23,1
36419,3918,3935,2025-01-23,1
36420,3923,3925,2025-01-23,0
36421,3924,3940,2025-01-23,0
36422,3760,3912,2025-01-24,1
36423,3935,3913,2025-01-24,1
36424,3923,3924,2025-01-24,1
36425,3922,3940,2025-01-24,0
36426,3916,3917,2025-01-22,0
36427,3919,3920,2025-01-22,0
36428,3735,3921,2025-01-22,0
36429,3919,3735,2025-01-23,0
36430,3920,3916,2025-01-23,1
36431,3917,3921,2025-01-23,1
36432,3916,3919,2025-01-24,0
36433,3735,3921,2025-01-24,1
36434,3920,3917,2025-01-24,1
36435,3928,3929,2025-01-23,1
36436,3930,3931,2025-01-23,0
36437,3933,3934,2025-01-23,1
36438,3936,3937,2025-01-23,1
36439,3937,3929,2025-01-24,1
36440,3934,3936,2025-01-24,0
36441,3931,3933,2025-01-24,1
36442,3930,3928,2025-01-24,1
36443,3942,3703,2025-01-25,1
36444,3703,3703,2025-01-25,1
36445,3703,3942,2025-01-25,0
36446,3703,3703,2025-01-26,0
36447,3703,3942,2025-01-26,0
36448,3942,3703,2025-01-26,1
36449,3943,3944,2025-01-25,1
36450,3945,3946,2025-01-25,1
36451,3951,3952,2025-01-26,1
36452,3953,3954,2025-01-26,1
36453,3947,3948,2025-01-25,0
36454,3949,3950,2025-01-25,0
36455,3955,3956,2025-01-26,0
36456,3957,3958,2025-01-26,0
36457,3959,3850,2025-01-11,0
36458,3959,3852,2025-01-12,1
36459,3853,3959,2025-01-18,0
36460,3855,3959,2025-01-19,1
36461,3855,3854,2025-01-25,0
36462,3959,3856,2025-01-25,1
36463,3959,3854,2025-01-26,1
36464,3856,3852,2025-02-01,1
36465,3855,3853,2025-02-01,1
36466,3850,3854,2025-02-01,0
36467,3959,3851,2025-02-01,0
36468,3851,3852,2025-02-02,1
36469,3855,3856,2025-02-02,0
36470,3853,3854,2025-02-02,0
36471,3850,3959,2025-02-02,0
36472,3856,3854,2025-02-08,0
36473,3855,3851,2025-02-08,0
36474,3959,3852,2025-02-08,1
36475,3850,3853,2025-02-08,1
36476,3855,3852,2025-02-09,0
36477,3853,3959,2025-02-09,1
36478,3856,3850,2025-02-09,0
36479,3851,3854,2025-02-09,1
36480,3854,3852,2025-02-15,1
36481,3851,3850,2025-02-15,1
36482,3855,3959,2025-02-15,0
36483,3856,3853,2025-02-15,0
36484,3850,3852,2025-02-16,1
36485,3855,3854,2025-02-16,0
36486,3851,3853,2025-02-16,1
36487,3856,3959,2025-02-16,1
36488,3851,3856,2025-02-22,1
36489,3853,3852,2025-02-22,1
36490,3854,3959,2025-02-22,1
36491,3850,3855,2025-02-22,1
36492,3856,3852,2025-02-23,1
36493,3851,3959,2025-02-23,0
36494,3850,3854,2025-02-23,0
36495,3853,3855,2025-02-23,1
36496,3854,3851,2025-03-01,1
36497,3850,3959,2025-03-02,1
36498,3854,3959,2025-03-08,1
36499,3851,3854,2025-03-09,1
36500,3862,3860,2025-02-03,0
36501,3863,3865,2025-02-03,1
36502,3857,3864,2025-02-03,0
36503,3858,3866,2025-02-04,1
36504,3859,3861,2025-02-04,1
36505,3862,3859,2025-02-10,0
36506,3857,3866,2025-02-10,1
36507,3860,3866,2025-02-11,1
36508,3861,3859,2025-02-11,0
36509,3866,3861,2025-02-14,1
36510,3858,3861,2025-02-17,1
36511,3860,3859,2025-02-17,1
36512,3864,3861,2025-02-18,1
36513,3865,3860,2025-02-18,1
36514,3864,3860,2025-02-24,1
36515,3865,3861,2025-02-24,0
36516,3860,3865,2025-02-25,1
36517,3864,3860,2025-02-27,1
36518,3870,3873,2025-01-23,0
36519,3867,3869,2025-01-28,1
36520,3754,3870,2025-01-28,0
36521,3868,3753,2025-01-28,0
36522,3874,3871,2025-01-28,0
36523,3873,3872,2025-01-28,1
36524,3873,3754,2025-01-29,1
36525,3869,3874,2025-01-29,0
36526,3871,3753,2025-01-29,0
36527,3870,3867,2025-01-29,1
36528,3872,3868,2025-01-29,0
36529,3754,3872,2025-01-30,0
36530,3753,3869,2025-01-30,1
36531,3874,3870,2025-01-30,0
36532,3867,3873,2025-01-30,0
36533,3871,3868,2025-01-30,1
36534,3867,3872,2025-02-06,1
36535,3868,3870,2025-02-06,0
36536,3871,3753,2025-02-06,0
36537,3873,3874,2025-02-06,1
36538,3867,3753,2025-02-11,1
36539,3873,3870,2025-02-11,1
36540,3872,3874,2025-02-13,1
36541,3871,3868,2025-02-13,1
36542,3867,3870,2025-02-18,1
36543,3874,3871,2025-02-18,1
36544,3873,3753,2025-02-20,0
36545,3870,3874,2025-02-25,0
36546,3874,3753,2025-02-27,0
36547,3873,3874,2025-03-06,0
36548,3875,3841,2025-01-31,1
36549,3843,3845,2025-01-31,0
36550,3846,3848,2025-02-01,1
36551,3840,3849,2025-02-01,1
36552,3844,3842,2025-02-02,1
36553,3843,3875,2025-02-07,1
36554,3844,3840,2025-02-07,1
36555,3846,3844,2025-02-08,1
36556,3845,3843,2025-02-08,1
36557,3843,3844,2025-02-09,1
36558,3841,3844,2025-02-12,0
36559,3845,3846,2025-02-13,1
36560,3849,3844,2025-02-15,1
36561,3848,3845,2025-02-16,1
36562,3845,3849,2025-02-19,1
36563,3844,3848,2025-02-20,0
36564,3849,3848,2025-02-22,0
36565,3845,3848,2025-02-23,1
36566,3876,3882,2025-01-29,1
36567,3881,3878,2025-01-29,0
36568,3879,3769,2025-01-30,1
36569,3877,3883,2025-01-30,1
36570,3882,3880,2025-02-05,1
36571,3881,3880,2025-02-06,1
36572,3822,3883,2025-02-07,1
36573,3822,3769,2025-02-12,1
36574,3876,3878,2025-02-13,1
36575,3877,3879,2025-02-13,1
36576,3877,3876,2025-02-14,1
36577,3878,3881,2025-02-19,1
36578,3879,3769,2025-02-20,1
36579,3878,3879,2025-02-21,1
36580,3877,3878,2025-03-01,1
36581,3876,3877,2025-03-02,1
36582,3884,3889,2025-02-06,1
36583,3885,3888,2025-02-06,1
36584,3886,3890,2025-02-07,0
36585,3891,3887,2025-02-07,0
36586,3884,3888,2025-02-08,1
36587,3885,3889,2025-02-08,1
36588,3891,3886,2025-02-09,1
36589,3890,3887,2025-02-09,1
36590,3886,3888,2025-02-13,1
36591,3887,3889,2025-02-13,1
36592,3891,3885,2025-02-14,1
36593,3884,3890,2025-02-14,1
36594,3889,3886,2025-02-15,0
36595,3888,3887,2025-02-15,1
36596,3884,3891,2025-02-16,1
36597,3890,3885,2025-02-16,1
36598,3886,3885,2025-02-18,1
36599,3888,3887,2025-02-18,0
36600,3890,3885,2025-02-19,1
36601,3884,3887,2025-02-19,1
36602,3887,3890,2025-02-21,1
36603,3884,3885,2025-02-21,1
36604,3890,3885,2025-02-22,1
36605,3884,3890,2025-02-23,0
36606,3900,3892,2025-01-27,1
36607,3897,3898,2025-01-27,0
36608,3897,3895,2025-02-01,0
36609,3896,3899,2025-02-01,0
36610,3893,3901,2025-02-01,0
36611,3892,3898,2025-02-01,1
36612,3894,3900,2025-02-01,0
36613,3893,3897,2025-02-02,0
36614,3895,3896,2025-02-02,0
36615,3899,3900,2025-02-02,1
36616,3892,3894,2025-02-02,0
36617,3901,3898,2025-02-02,1
36618,3894,3896,2025-02-03,1
36619,3898,3893,2025-02-03,1
36620,3900,3895,2025-02-03,0
36621,3901,3892,2025-02-03,1
36622,3897,3899,2025-02-03,0
36623,3899,3892,2025-02-15,1
36624,3901,3896,2025-02-15,1
36625,3898,3895,2025-02-16,1
36626,3900,3894,2025-02-16,1
36627,3899,3901,2025-02-17,0
36628,3900,3898,2025-02-17,1
36629,3894,3895,2025-02-22,1
36630,3896,3892,2025-02-22,1
36631,3899,3895,2025-02-23,1
36632,3898,3896,2025-02-23,1
36633,3900,3901,2025-02-24,1
36634,3899,3898,2025-02-28,1
36635,3900,3899,2025-03-01,0
36636,3901,3900,2025-03-02,0
36637,3904,3729,2025-01-28,1
36638,3905,3907,2025-01-28,0
36639,3903,3906,2025-01-28,0
36640,3902,3729,2025-01-29,1
36641,3906,3904,2025-01-29,1
36642,3907,3903,2025-01-29,1
36643,3732,3905,2025-01-29,1
36644,3904,3907,2025-01-30,0
36645,3903,3732,2025-01-30,0
36646,3905,3902,2025-01-30,1
36647,3729,3906,2025-01-30,1
36648,3907,3729,2025-01-31,1
36649,3902,3906,2025-01-31,0
36650,3732,3904,2025-01-31,1
36651,3905,3903,2025-01-31,1
36652,3903,3902,2025-02-05,0
36653,3905,3904,2025-02-05,1
36654,3732,3729,2025-02-05,1
36655,3907,3906,2025-02-05,0
36656,3906,3732,2025-02-06,1
36657,3902,3907,2025-02-06,0
36658,3729,3905,2025-02-06,0
36659,3904,3903,2025-02-06,1
36660,3905,3906,2025-02-07,1
36661,3903,3729,2025-02-07,1
36662,3904,3902,2025-02-07,0
36663,3732,3907,2025-02-07,1
36664,3729,3904,2025-02-11,0
36665,3907,3905,2025-02-11,1
36666,3906,3903,2025-02-11,1
36667,3902,3732,2025-02-11,1
36668,3905,3732,2025-02-12,1
36669,3904,3906,2025-02-12,0
36670,3903,3907,2025-02-12,0
36671,3729,3902,2025-02-12,0
36672,3907,3904,2025-02-13,0
36673,3732,3903,2025-02-13,0
36674,3902,3905,2025-02-13,1
36675,3906,3729,2025-02-13,1
36676,3729,3907,2025-02-14,0
36677,3906,3902,2025-02-14,0
36678,3904,3732,2025-02-14,1
36679,3903,3905,2025-02-14,0
36680,3902,3904,2025-02-19,1
36681,3905,3732,2025-02-20,1
36682,4051,4052,2025-02-24,0
36683,3903,4051,2025-02-25,0
36684,3907,3905,2025-03-01,1
36685,3902,3906,2025-03-01,1
36686,3907,3902,2025-03-02,1
36687,3762,3910,2025-01-28,1
36688,3915,3908,2025-01-28,1
36689,3982,3914,2025-01-29,1
36690,3911,3927,2025-01-29,1
36691,3909,3914,2025-02-04,0
36692,3910,3926,2025-02-04,1
36693,3915,3982,2025-02-05,1
36694,3911,3762,2025-02-05,0
36695,3909,3915,2025-02-11,0
36696,3910,3927,2025-02-11,1
36697,3908,3982,2025-02-12,1
36698,3762,3926,2025-02-12,1
36699,3914,3908,2025-02-18,1
36700,3926,3911,2025-02-18,1
36701,3982,3909,2025-02-19,1
36702,3927,3762,2025-02-19,0
36703,3926,3914,2025-02-25,1
36704,3915,3910,2025-02-26,0
36705,3908,3926,2025-03-03,1
36706,3911,3915,2025-03-04,0
36707,3908,3915,2025-03-08,1
36708,3918,3913,2025-01-29,1
36709,3935,3912,2025-01-29,0
36710,3923,3940,2025-01-29,0
36711,3922,3925,2025-01-29,1
36712,3935,3760,2025-01-30,1
36713,3912,3918,2025-01-30,1
36714,3925,3940,2025-01-30,0
36715,3924,3922,2025-01-30,0
36716,3924,3923,2025-01-31,1
36717,3923,3925,2025-01-31,0
36718,3925,3924,2025-01-31,0
36719,3940,3760,2025-02-05,1
36720,3912,3925,2025-02-05,1
36721,3922,3935,2025-02-06,1
36722,3918,3924,2025-02-06,1
36723,3940,3918,2025-02-12,0
36724,3922,3925,2025-02-12,1
36725,3912,3760,2025-02-13,1
36726,3924,3935,2025-02-13,1
36727,3912,3935,2025-02-14,1
36728,3918,3922,2025-02-14,1
36729,3760,3924,2025-02-19,0
36730,3918,3935,2025-02-20,1
36731,3760,3935,2025-02-26,1
36732,3924,3760,2025-02-27,1
36733,3916,3919,2025-01-31,1
36734,3920,3921,2025-02-06,1
36735,3735,3917,2025-02-07,0
36736,3921,3919,2025-02-13,0
36737,3917,3919,2025-02-14,1
36738,3920,3735,2025-02-20,0
36739,3917,3735,2025-02-21,1
36740,3920,3735,2025-03-09,1
36741,3929,3930,2025-01-29,1
36742,3931,3936,2025-01-29,0
36743,3928,3933,2025-01-29,1
36744,3937,3934,2025-01-29,0
36745,3933,3930,2025-01-30,1
36746,3937,3931,2025-01-30,1
36747,3936,3928,2025-01-30,0
36748,3929,3934,2025-01-30,1
36749,3928,3937,2025-01-31,1
36750,3931,3934,2025-01-31,0
36751,3933,3929,2025-01-31,0
36752,3930,3936,2025-01-31,0
36753,3936,3933,2025-02-05,1
36754,3929,3931,2025-02-05,0
36755,3928,3934,2025-02-05,0
36756,3937,3930,2025-02-05,1
36757,3930,3934,2025-02-06,0
36758,3928,3931,2025-02-06,1
36759,3933,3937,2025-02-06,1
36760,3936,3929,2025-02-06,1
36761,3937,3936,2025-02-07,1
36762,3933,3934,2025-02-07,1
36763,3929,3928,2025-02-07,0
36764,3931,3930,2025-02-07,1
36765,3928,3930,2025-02-12,1
36766,3936,3934,2025-02-12,1
36767,3933,3931,2025-02-12,0
36768,3929,3937,2025-02-12,0
36769,3936,3931,2025-02-13,1
36770,3937,3934,2025-02-13,1
36771,3930,3929,2025-02-13,1
36772,3933,3928,2025-02-13,0
36773,3930,3933,2025-02-14,0
36774,3928,3936,2025-02-14,0
36775,3931,3937,2025-02-14,0
36776,3934,3929,2025-02-14,1
36777,3929,3933,2025-02-25,0
36778,3934,3931,2025-02-25,1
36779,3937,3928,2025-02-25,1
36780,3936,3930,2025-02-25,1
36781,3928,3934,2025-02-26,0
36782,3930,3937,2025-02-26,0
36783,3931,3929,2025-02-26,0
36784,3933,3936,2025-02-26,1
36785,3929,3936,2025-02-27,0
36786,3937,3933,2025-02-27,0
36787,3934,3930,2025-02-27,1
36788,3931,3928,2025-02-27,0
36789,3937,3931,2025-03-03,1
36790,3933,3934,2025-03-03,0
36791,3936,3928,2025-03-04,0
36792,3937,3934,2025-03-05,1
36793,3928,3937,2025-03-06,0
36794,3936,3928,2025-03-09,0
36795,3943,3945,2025-02-01,0
36796,3954,3952,2025-02-01,0
36797,3951,3953,2025-02-02,0
36798,3944,3946,2025-02-02,1
36799,3946,3951,2025-02-02,0
36800,3953,3943,2025-02-09,1
36801,3944,3952,2025-02-09,0
36802,3943,3944,2025-02-09,1
36803,3949,3947,2025-02-01,1
36804,3955,3957,2025-02-01,1
36805,3958,3956,2025-02-02,1
36806,3948,3950,2025-02-03,1
36807,3956,3950,2025-02-03,1
36808,3958,3947,2025-02-09,1
36809,3957,3948,2025-02-09,1
36810,3958,3948,2025-02-10,0
36811,3976,3977,2025-01-28,1
36812,3978,3979,2025-01-28,0
36813,3980,3981,2025-01-29,1
36814,3983,3984,2025-01-29,0
36815,3984,3980,2025-02-01,1
36816,3976,3978,2025-02-02,0
36817,3983,3980,2025-02-04,1
36818,3981,3979,2025-02-04,0
36819,3976,3984,2025-02-05,1
36820,3977,3978,2025-02-05,1
36821,3977,3979,2025-02-11,1
36822,3976,3981,2025-02-11,1
36823,3984,3979,2025-02-12,1
36824,3981,3983,2025-02-12,1
36825,3983,3978,2025-02-15,0
36826,3976,3979,2025-02-16,1
36827,3977,3980,2025-02-18,1
36828,3981,3984,2025-02-18,0
36829,3983,3976,2025-02-19,1
36830,3980,3979,2025-02-19,0
36831,3977,3984,2025-02-22,1
36832,3981,3978,2025-02-23,1
36833,3978,3984,2025-02-25,1
36834,3977,3981,2025-02-25,1
36835,3979,3983,2025-02-26,1
36836,3980,3976,2025-02-26,0
36837,3977,3983,2025-02-27,1
36838,3978,3980,2025-02-27,1
36839,3976,3977,2025-03-01,0
36840,3979,3978,2025-03-02,1
36841,3976,3979,2025-03-04,1
36842,3977,3979,2025-03-09,1
36843,3985,3969,2025-01-30,1
36844,3968,3967,2025-01-30,0
36845,3971,3966,2025-01-30,1
36846,3942,3965,2025-01-30,1
36847,3973,3974,2025-01-31,0
36848,3964,3972,2025-01-31,1
36849,3986,3975,2025-01-31,1
36850,3967,3974,2025-02-01,1
36851,3964,3987,2025-02-01,1
36852,3971,3942,2025-02-01,0
36853,3986,3985,2025-02-01,0
36854,3975,3968,2025-02-02,0
36855,3965,3966,2025-02-02,0
36856,3972,3973,2025-02-02,1
36857,3974,3968,2025-02-26,0
36858,3972,3966,2025-02-26,1
36859,3970,3973,2025-02-26,0
36860,3942,3964,2025-02-26,1
36861,3987,3969,2025-02-27,0
36862,3986,3971,2025-02-27,0
36863,3975,3965,2025-02-27,0
36864,3985,3967,2025-02-27,0
36865,3965,3974,2025-02-28,0
36866,3971,3969,2025-02-28,1
36867,3973,3966,2025-02-28,1
36868,3968,3972,2025-02-28,0
36869,3986,3987,2025-02-28,1
36870,3964,3985,2025-02-28,0
36871,3973,3968,2025-03-01,0
36872,3964,3969,2025-03-01,0
36873,3974,3986,2025-03-01,0
36874,3969,3967,2025-03-06,1
36875,3971,3972,2025-03-06,1
36876,3985,3968,2025-03-07,1
36877,3942,3986,2025-03-07,1
36878,3967,3972,2025-03-08,1
36879,3985,3942,2025-03-08,0
36880,3972,3942,2025-03-09,0
36881,3826,3828,2025-02-03,0
36882,3830,3817,2025-02-03,1
36883,3988,3831,2025-02-03,1
36884,3989,3814,2025-02-03,1
36885,3819,3816,2025-02-03,1
36886,3815,3813,2025-02-03,1
36887,3828,3819,2025-02-10,1
36888,3815,3817,2025-02-10,1
36889,3989,3813,2025-02-10,0
36890,3830,3831,2025-02-10,1
36891,3988,3826,2025-02-10,0
36892,3814,3816,2025-02-10,1
36893,3814,3828,2025-02-17,0
36894,3826,3830,2025-02-17,1
36895,3817,3813,2025-02-17,0
36896,3819,3988,2025-02-17,1
36897,3816,3989,2025-02-17,1
36898,3831,3815,2025-02-17,1
36899,3819,3830,2025-02-18,0
36900,3816,3828,2025-02-18,0
36901,3813,3831,2025-02-18,0
36902,3817,3989,2025-02-18,0
36903,3988,3814,2025-02-18,0
36904,3815,3826,2025-02-18,1
36905,3831,3817,2025-02-24,1
36906,3815,3819,2025-02-24,1
36907,3828,3989,2025-02-24,1
36908,3826,3813,2025-02-24,0
36909,3988,3816,2025-02-24,0
36910,3814,3815,2025-03-03,0
36911,3817,3826,2025-03-03,0
36912,3828,3988,2025-03-03,0
36913,3989,3831,2025-03-03,0
36914,3819,3813,2025-03-03,0
36915,3816,3830,2025-03-03,0
36916,3831,3826,2025-03-10,1
36917,3817,3819,2025-03-10,1
36918,3988,3989,2025-03-10,1
36919,3813,3814,2025-03-10,0
36920,3830,3828,2025-03-10,1
36921,3816,3815,2025-03-10,0
36922,3828,3815,2025-03-17,1
36923,3819,3831,2025-03-17,0
36924,3817,3814,2025-03-17,0
36925,3826,3989,2025-03-17,1
36926,3830,3988,2025-03-17,1
36927,3816,3813,2025-03-17,1
36928,3814,3831,2025-03-18,0
36929,3817,3816,2025-03-18,0
36930,3813,3828,2025-03-18,0
36931,3989,3830,2025-03-18,0
36932,3815,3988,2025-03-18,1
36933,3826,3819,2025-03-18,1
36934,3828,3817,2025-03-24,0
36935,3830,3815,2025-03-24,1
36936,3826,3814,2025-03-24,1
36937,3813,3988,2025-03-24,1
36938,3819,3989,2025-03-24,0
36939,3831,3816,2025-03-24,1
36940,3831,3828,2025-03-31,1
36941,3813,3830,2025-03-31,1
36942,3816,3826,2025-03-31,0
36943,3988,3817,2025-03-31,1
36944,3814,3815,2025-04-07,1
36945,3826,3828,2025-04-07,1
36946,3989,3988,2025-04-10,1
36947,3830,3814,2025-04-14,0
36948,3826,3831,2025-04-14,0
36949,3998,3999,2025-02-05,0
36950,4000,4001,2025-02-05,1
36951,4002,4003,2025-02-05,0
36952,3998,4003,2025-02-06,0
36953,4001,3999,2025-02-06,0
36954,4000,4002,2025-02-06,0
36955,4001,4002,2025-02-07,0
36956,3998,4000,2025-02-07,0
36957,3999,4003,2025-02-07,1
36958,4001,3998,2025-02-12,0
36959,4003,4000,2025-02-12,1
36960,4002,3999,2025-02-12,1
36961,4003,4001,2025-02-13,1
36962,4002,3998,2025-02-13,1
36963,3999,4000,2025-02-13,0
36964,4047,4000,2025-02-19,0
36965,4002,4048,2025-02-19,0
36966,4003,4049,2025-02-19,0
36967,3999,4050,2025-02-19,1
36968,4003,4050,2025-02-20,1
36969,4002,4047,2025-02-20,1
36970,3999,4049,2025-02-20,1
36971,4000,4048,2025-02-20,0
36972,4000,4003,2025-02-26,1
36973,4049,4002,2025-02-26,1
36974,3999,4048,2025-02-27,1
36975,4000,4049,2025-02-27,1
36976,4048,4000,2025-03-08,1
36977,3999,4000,2025-03-09,0
36978,4014,4015,2025-02-10,1
36979,4016,4017,2025-02-10,0
36980,4018,4019,2025-02-10,1
36981,4020,4021,2025-02-11,1
36982,4015,4017,2025-02-11,1
36983,4018,4016,2025-02-12,1
36984,4014,4019,2025-02-12,1
36985,4014,4016,2025-02-17,1
36986,4018,4021,2025-02-17,1
36987,4020,4017,2025-02-17,1
36988,4015,4018,2025-02-18,0
36989,4016,4019,2025-02-18,0
36990,4017,4021,2025-02-19,1
36991,4020,4014,2025-02-19,1
36992,4021,4019,2025-02-24,0
36993,4016,4015,2025-02-24,1
36994,4018,4020,2025-02-24,1
36995,4020,4019,2025-02-25,1
36996,4014,4017,2025-02-25,1
36997,4015,4021,2025-02-26,1
36998,4014,4018,2025-02-26,0
36999,4015,4020,2025-03-01,0
37000,4016,4021,2025-03-02,1
37001,4019,4017,2025-03-02,1
37002,4014,4021,2025-03-03,1
37003,4016,4020,2025-03-03,0
37004,4015,4019,2025-03-03,1
37005,4018,4017,2025-03-10,0
37006,4020,4014,2025-03-11,0
37007,4017,4020,2025-03-12,0
37008,4018,4014,2025-03-24,0
37009,4020,4014,2025-03-25,1
37010,4018,4020,2025-03-26,1
37011,4022,4023,2025-02-11,1
37012,4024,4025,2025-02-11,1
37013,3765,4033,2025-02-13,0
37014,4035,3755,2025-02-13,1
37015,4024,4035,2025-02-18,1
37016,4023,4033,2025-02-18,1
37017,4022,4025,2025-02-19,1
37018,3765,3755,2025-02-19,0
37019,4033,3755,2025-02-20,1
37020,4022,4035,2025-02-20,1
37021,4033,4035,2025-02-25,0
37022,4024,4023,2025-02-27,0
37023,4023,4035,2025-03-04,1
37024,4024,4035,2025-03-06,1
37025,4026,3766,2025-02-11,0
37026,4027,4028,2025-02-11,0
37027,3766,4028,2025-02-11,0
37028,4027,4026,2025-02-11,0
37029,4029,4030,2025-02-12,0
37030,4031,4032,2025-02-12,1
37031,4031,4030,2025-02-12,1
37032,4029,4032,2025-02-12,0
37033,4032,4030,2025-02-13,1
37034,4034,3767,2025-02-13,1
37035,4036,4034,2025-02-13,0
37036,3767,4037,2025-02-13,0
37037,4036,4037,2025-02-13,1
37038,3782,4043,2025-02-14,1
37039,4045,4046,2025-02-14,1
37040,3782,4045,2025-02-14,1
37041,4046,4043,2025-02-14,0
37042,4045,4043,2025-02-14,0
37043,4034,4028,2025-02-21,1
37044,4036,4032,2025-02-21,1
37045,3782,4043,2025-02-25,1
37046,4031,3766,2025-02-25,1
37047,3782,4031,2025-02-26,0
37048,4036,4034,2025-02-27,0
37049,4034,3782,2025-03-08,0
37050,4038,4039,2025-02-14,0
37051,4040,4041,2025-02-14,0
37052,4042,3775,2025-02-14,1
37053,4044,3774,2025-02-14,0
37054,3775,4044,2025-02-16,1
37055,4042,4041,2025-02-16,1
37056,4039,3774,2025-02-16,1
37057,4040,4038,2025-02-16,1
37058,4044,4042,2025-02-17,0
37059,3775,4039,2025-02-17,0
37060,4040,3774,2025-02-17,0
37061,4041,4038,2025-02-17,0
37062,4039,4044,2025-02-18,1
37063,4042,4038,2025-02-18,1
37064,4041,3774,2025-02-18,1
37065,4040,3775,2025-02-18,0
37066,4038,3774,2025-02-19,0
37067,3775,4041,2025-02-19,1
37068,4042,4039,2025-02-19,1
37069,4040,4044,2025-02-19,0
37070,3775,4038,2025-02-20,0
37071,4041,4044,2025-02-20,0
37072,4039,4040,2025-02-20,1
37073,4042,3774,2025-02-20,1
37074,4044,4038,2025-02-21,1
37075,3775,3774,2025-02-21,1
37076,4040,4042,2025-02-21,1
37077,4039,4041,2025-02-21,1
37078,3774,3775,2025-02-25,1
37079,4038,4041,2025-02-25,1
37080,4042,3774,2025-02-26,1
37081,4039,4038,2025-02-26,1
37082,4038,3775,2025-02-27,1
37083,3774,4041,2025-02-27,1
37084,4042,4039,2025-03-05,0
37085,4038,4041,2025-03-05,0
37086,4039,4041,2025-03-06,1
37087,4042,4039,2025-03-07,1
37088,4053,4054,2025-02-28,0
37089,4055,4056,2025-02-28,1
37090,4057,4058,2025-02-28,1
37091,4059,4060,2025-02-28,1
37092,4059,4055,2025-03-01,1
37093,4057,4054,2025-03-01,1
37094,4053,4060,2025-03-02,1
37095,4058,4056,2025-03-02,0
37096,4059,4053,2025-03-07,1
37097,4056,4057,2025-03-07,1
37098,4053,4056,2025-03-08,1
37099,4060,4058,2025-03-08,1
37100,4058,4056,2025-03-09,1
37101,4057,4058,2025-03-20,1
37102,4059,4053,2025-03-20,1
37103,4054,4057,2025-03-21,0
37104,4055,4059,2025-03-21,1
37105,4054,4053,2025-03-22,0
37106,4059,4058,2025-03-22,1
37107,4055,4057,2025-03-23,1
37108,4053,4059,2025-03-28,1
37109,4059,4057,2025-03-29,1
37110,4055,4059,2025-03-30,1
37111,4024,3873,2025-03-17,0
37112,3928,3977,2025-03-17,1
37113,4006,3876,2025-03-17,0
37114,3760,3907,2025-03-17,0
37115,3920,3782,2025-03-17,1
37116,4042,3874,2025-03-17,1
37117,3915,3924,2025-03-17,0
37118,3908,4000,2025-03-17,1
37119,3782,4024,2025-03-18,1
37120,4006,3915,2025-03-18,0
37121,3907,4000,2025-03-18,0
37122,3977,3874,2025-03-18,0
37123,3876,3924,2025-03-18,0
37124,3928,4042,2025-03-18,1
37125,3908,3760,2025-03-18,0
37126,3920,3873,2025-03-18,0
37127,3908,3907,2025-03-19,0
37128,3920,4024,2025-03-19,0
37129,3874,4042,2025-03-19,1
37130,3915,3876,2025-03-19,0
37131,3876,3928,2025-03-20,0
37132,3907,3873,2025-03-20,0
37133,4024,3924,2025-03-20,0
37134,3760,4042,2025-03-20,0
37135,3760,3924,2025-03-21,1
37136,3876,3907,2025-03-22,1
37137,3760,3876,2025-03-23,0
37138,4070,4071,2025-03-17,1
37139,4072,4073,2025-03-17,0
37140,3993,3995,2025-03-18,1
37141,4074,4075,2025-03-18,1
37142,4076,3996,2025-03-18,1
37143,3993,4075,2025-03-24,1
37144,3996,4073,2025-03-24,1
37145,4071,4076,2025-03-25,1
37146,4072,3995,2025-03-25,1
37147,4074,4070,2025-03-26,1
37148,4075,3996,2025-03-26,0
37149,4074,4072,2025-03-31,0
37150,4070,3995,2025-03-31,1
37151,4076,3993,2025-04-01,1
37152,4071,4073,2025-04-01,1
37153,4073,4076,2025-04-02,1
37154,4072,4070,2025-04-02,1
37155,4072,4076,2025-04-07,1
37156,3996,3993,2025-04-07,0
37157,4071,4075,2025-04-08,1
37158,3995,4074,2025-04-08,1
37159,4072,3993,2025-04-14,1
37160,4070,4073,2025-04-14,1
37161,4074,3996,2025-04-15,0
37162,4076,4075,2025-04-15,1
37163,4082,4083,2025-03-23,1
37164,4084,4085,2025-03-23,1
37165,4085,4083,2025-03-25,0
37166,4109,4110,2025-03-30,1
37167,4084,4082,2025-03-30,1
37168,4114,4109,2025-04-01,1
37169,4110,4082,2025-04-01,0
37170,4109,4084,2025-04-08,1
37171,4085,4110,2025-04-08,1
37172,4083,4084,2025-04-15,1
37173,4082,4114,2025-04-15,1
37174,4086,4087,2025-03-24,0
37175,4088,4089,2025-03-24,1
37176,4090,4091,2025-03-25,1
37177,4111,4112,2025-03-31,1
37178,4089,4086,2025-03-31,0
37179,4088,4090,2025-03-31,1
37180,4091,4111,2025-04-06,1
37181,4112,4128,2025-04-06,1
37182,4090,4089,2025-04-07,1
37183,4111,4088,2025-04-07,1
37184,4128,4091,2025-04-08,1
37185,4089,4111,2025-04-13,1
37186,4128,4088,2025-04-13,0
37187,4086,4112,2025-04-14,0
37188,4086,4090,2025-04-14,1
37189,4112,4091,2025-04-14,0
37190,4089,4128,2025-04-15,1
37191,3926,3915,2025-03-25,0
37192,3910,3914,2025-03-25,0
37193,3927,3908,2025-03-25,1
37194,3909,3982,2025-03-26,0
37195,3762,3911,2025-03-26,1
37196,3908,3926,2025-04-01,1
37197,3914,3911,2025-04-01,1
37198,3915,3910,2025-04-01,1
37199,3982,3927,2025-04-02,1
37200,3762,3909,2025-04-02,0
37201,3927,3762,2025-04-08,1
37202,3915,3908,2025-04-08,0
37203,3910,3911,2025-04-08,1
37204,3926,3982,2025-04-09,1
37205,3909,3914,2025-04-09,0
37206,3908,3910,2025-04-15,1
37207,3909,3911,2025-04-15,1
37208,3914,3927,2025-04-15,1
37209,3982,3915,2025-04-16,1
37210,3762,3926,2025-04-16,1
37211,3926,3914,2025-04-18,0
37212,3910,3909,2025-04-18,1
37213,4033,4025,2025-03-25,0
37214,4022,4035,2025-03-25,1
37215,4023,3755,2025-03-27,1
37216,3765,4024,2025-03-27,0
37217,4035,4024,2025-04-01,0
37218,4025,4023,2025-04-01,0
37219,4022,3765,2025-04-03,1
37220,3755,4033,2025-04-03,1
37221,4033,3765,2025-04-08,1
37222,4022,3755,2025-04-08,1
37223,4035,4023,2025-04-10,1
37224,4025,4024,2025-04-10,1
37225,3755,4024,2025-04-15,1
37226,4035,4033,2025-04-15,0
37227,4025,4022,2025-04-17,0
37228,4023,3765,2025-04-17,1
37229,4092,4093,2025-03-26,0
37230,4094,4095,2025-03-26,1
37231,3748,4096,2025-03-27,0
37232,3757,4097,2025-03-27,1
37233,4098,4099,2025-03-28,1
37234,4097,4093,2025-03-28,0
37235,3748,4099,2025-04-02,1
37236,4098,4092,2025-04-02,1
37237,4096,4095,2025-04-03,1
37238,4097,4092,2025-04-03,1
37239,3748,4098,2025-04-04,1
37240,3757,4094,2025-04-04,1
37241,4099,4095,2025-04-09,0
37242,4094,4093,2025-04-09,1
37243,3757,4096,2025-04-10,0
37244,4092,3748,2025-04-10,1
37245,4098,4095,2025-04-11,1
37246,4094,4097,2025-04-11,1
37247,4093,4096,2025-04-16,0
37248,4099,3757,2025-04-16,1
37249,4095,3748,2025-04-17,1
37250,4096,4097,2025-04-18,1
37251,3757,4098,2025-04-18,1
37252,4094,4092,2025-04-18,1
37253,3936,3928,2025-03-27,0
37254,3937,3933,2025-03-27,1
37255,3931,3930,2025-03-27,0
37256,3934,3929,2025-03-27,1
37257,3937,3929,2025-03-28,1
37258,3931,3934,2025-03-28,0
37259,3936,3930,2025-03-28,0
37260,3928,3933,2025-03-28,0
37261,3928,3937,2025-04-03,0
37262,3934,3936,2025-04-03,1
37263,3931,3929,2025-04-03,1
37264,3930,3933,2025-04-03,1
37265,3937,3931,2025-04-04,1
37266,3929,3936,2025-04-04,0
37267,3928,3930,2025-04-04,0
37268,3934,3933,2025-04-04,1
37269,3933,3929,2025-04-10,0
37270,3937,3930,2025-04-10,0
37271,3931,3936,2025-04-10,1
37272,3934,3928,2025-04-10,0
37273,3930,3934,2025-04-11,0
37274,3928,3929,2025-04-11,1
37275,3931,3933,2025-04-11,1
37276,3937,3936,2025-04-11,1
37277,3936,3933,2025-04-17,0
37278,3931,3928,2025-04-17,0
37279,3929,3930,2025-04-17,0
37280,3934,3937,2025-04-17,1
37281,3934,3929,2025-04-18,0
37282,3931,3930,2025-04-18,1
37283,3937,3933,2025-04-18,0
37284,3928,3936,2025-04-18,0
37285,4100,4101,2025-03-29,0
37286,4102,4103,2025-03-29,0
37287,4104,4105,2025-03-29,0
37288,4106,4107,2025-03-29,1
37289,4108,4103,2025-03-29,1
37290,4104,4101,2025-03-29,0
37291,4106,4105,2025-03-29,0
37292,4107,4102,2025-03-29,0
37293,4108,4105,2025-03-30,1
37294,4103,4101,2025-03-30,1
37295,4107,4100,2025-03-30,1
37296,4106,4104,2025-03-30,1
37297,4104,4107,2025-03-30,1
37298,4102,4106,2025-03-30,1
37299,4108,4101,2025-03-30,1
37300,4105,4100,2025-03-30,0
37301,4101,4105,2025-04-05,0
37302,4103,4106,2025-04-05,0
37303,4100,4102,2025-04-05,1
37304,4108,4104,2025-04-05,1
37305,4102,4101,2025-04-05,1
37306,4104,4100,2025-04-05,1
37307,4107,4103,2025-04-05,0
37308,4106,4108,2025-04-05,0
37309,4107,4108,2025-04-06,0
37310,4104,4102,2025-04-06,0
37311,4103,4105,2025-04-06,0
37312,4106,4100,2025-04-06,1
37313,4108,4100,2025-04-06,1
37314,4101,4107,2025-04-06,1
37315,4105,4102,2025-04-06,1
37316,4104,4103,2025-04-06,1
37317,4107,4105,2025-04-12,0
37318,4102,4108,2025-04-12,1
37319,4107,4100,2025-04-12,0
37320,4101,4103,2025-04-12,0
37321,4106,4104,2025-04-12,1
37322,4105,4108,2025-04-12,1
37323,4101,4104,2025-04-13,1
37324,4103,4108,2025-04-13,0
37325,4106,4105,2025-04-13,1
37326,4102,4107,2025-04-13,1
37327,4107,4106,2025-04-13,0
37328,4103,4102,2025-04-13,1
37329,4105,4104,2025-04-13,1
37330,4100,4101,2025-04-13,0
37331,4108,4101,2025-04-19,0
37332,4105,4100,2025-04-19,1
37333,4106,4102,2025-04-19,1
37334,4107,4104,2025-04-19,1
37335,4105,4103,2025-04-19,0
37336,4108,4107,2025-04-19,1
37337,4102,4104,2025-04-19,0
37338,4106,4100,2025-04-19,1
37339,4101,4102,2025-04-20,1
37340,4108,4106,2025-04-20,0
37341,4103,4107,2025-04-20,1
37342,4104,4100,2025-04-20,0
37343,4105,4101,2025-04-20,0
37344,4102,4100,2025-04-20,0
37345,4104,4108,2025-04-20,0
37346,4106,4103,2025-04-20,1
37347,3899,3896,2025-03-29,1
37348,3893,3892,2025-03-29,0
37349,3901,3898,2025-03-29,1
37350,3896,3894,2025-03-30,0
37351,3900,3898,2025-03-30,1
37352,3895,3893,2025-03-31,0
37353,3897,3899,2025-03-31,1
37354,3893,3894,2025-04-05,1
37355,3895,3900,2025-04-05,1
37356,3901,3892,2025-04-05,1
37357,3895,3897,2025-04-06,1
37358,3900,3899,2025-04-06,1
37359,3896,3893,2025-04-07,1
37360,3898,3892,2025-04-07,1
37361,3892,3895,2025-04-12,1
37362,3893,3901,2025-04-12,1
37363,3900,3897,2025-04-12,1
37364,3894,3899,2025-04-13,1
37365,3895,3898,2025-04-13,1
37366,3896,3897,2025-04-14,0
37367,3892,3900,2025-04-14,1
37368,3899,3893,2025-04-19,1
37369,3900,3896,2025-04-19,1
37370,3892,3894,2025-04-20,1
37371,3895,3901,2025-04-20,1
37372,3860,3864,2025-03-31,1
37373,3857,3859,2025-03-31,0
37374,3865,3862,2025-03-31,1
37375,3866,3861,2025-04-01,0
37376,3863,3858,2025-04-01,1
37377,3859,3864,2025-04-03,0
37378,3857,3865,2025-04-03,0
37379,3862,3860,2025-04-03,1
37380,3858,3861,2025-04-04,0
37381,3863,3866,2025-04-04,1
37382,3866,3858,2025-04-07,1
37383,3864,3857,2025-04-07,1
37384,3861,3865,2025-04-07,1
37385,3863,3860,2025-04-08,0
37386,3862,3859,2025-04-08,1
37387,3859,3863,2025-04-10,1
37388,3858,3860,2025-04-10,1
37389,3865,3866,2025-04-10,1
37390,3864,3861,2025-04-11,1
37391,3857,3862,2025-04-11,1
37392,3862,3863,2025-04-14,1
37393,3866,3859,2025-04-14,0
37394,3858,3864,2025-04-14,0
37395,3860,3865,2025-04-15,0
37396,3857,3861,2025-04-15,0
37397,3862,3864,2025-04-17,1
37398,3861,3863,2025-04-17,1
37399,3858,3865,2025-04-17,0
37400,3859,3860,2025-04-18,1
37401,3857,3866,2025-04-18,0
37402,3729,3906,2025-04-01,1
37403,4113,3904,2025-04-01,1
37404,3907,3905,2025-04-01,1
37405,3732,3902,2025-04-01,0
37406,3905,3732,2025-04-04,0
37407,3902,3729,2025-04-04,1
37408,3904,3907,2025-04-04,0
37409,3906,4113,2025-04-04,0
37410,3732,3904,2025-04-08,1
37411,3902,3905,2025-04-08,1
37412,3729,4113,2025-04-08,1
37413,3907,3906,2025-04-08,1
37414,4113,3907,2025-04-09,0
37415,3904,3902,2025-04-09,0
37416,3906,3732,2025-04-09,0
37417,3905,3729,2025-04-09,0
37418,3905,3904,2025-04-15,0
37419,3732,4113,2025-04-15,0
37420,3902,3906,2025-04-15,1
37421,3729,3907,2025-04-15,0
37422,4113,3902,2025-04-16,0
37423,3906,3905,2025-04-16,1
37424,3904,3729,2025-04-16,1
37425,3907,3732,2025-04-16,1
37426,3845,3848,2025-04-02,0
37427,3843,3875,2025-04-02,1
37428,3844,3840,2025-04-03,1
37429,3842,3849,2025-04-03,1
37430,3845,3841,2025-04-04,1
37431,3843,3846,2025-04-04,0
37432,3840,3842,2025-04-05,1
37433,3875,3844,2025-04-05,0
37434,3841,3849,2025-04-06,0
37435,3846,3848,2025-04-06,1
37436,3875,3845,2025-04-09,1
37437,3849,3840,2025-04-09,1
37438,3842,3843,2025-04-10,1
37439,3846,3841,2025-04-10,1
37440,3840,3875,2025-04-11,0
37441,3848,3844,2025-04-11,1
37442,3845,3846,2025-04-12,1
37443,3841,3842,2025-04-12,1
37444,3849,3848,2025-04-13,1
37445,3844,3843,2025-04-13,1
37446,3846,3844,2025-04-16,1
37447,3842,3848,2025-04-16,1
37448,3843,3845,2025-04-17,0
37449,3840,3841,2025-04-17,0
37450,3842,3846,2025-04-18,0
37451,3875,3849,2025-04-18,0
37452,3848,3840,2025-04-19,1
37453,3844,3845,2025-04-19,0
37454,3849,3843,2025-04-20,0
37455,3841,3875,2025-04-20,1
37456,3932,4005,2025-04-02,1
37457,3961,4013,2025-04-02,1
37458,3939,3726,2025-04-03,1
37459,3938,3962,2025-04-03,1
37460,3962,3932,2025-04-13,1
37461,3939,4005,2025-04-13,1
37462,4013,3726,2025-04-17,1
37463,3961,3938,2025-04-17,0
37464,4013,3938,2025-04-19,1
37465,3932,3726,2025-04-19,1
37466,3961,4005,2025-04-20,1
37467,3769,3876,2025-04-02,0
37468,3822,3883,2025-04-02,0
37469,3879,3769,2025-04-02,1
37470,3876,3883,2025-04-02,1
37471,3879,3822,2025-04-02,1
37472,3882,3878,2025-04-03,1
37473,3881,3880,2025-04-03,1
37474,3878,3877,2025-04-03,1
37475,3880,3882,2025-04-03,1
37476,3877,3881,2025-04-03,0
37477,3822,3876,2025-04-09,0
37478,3879,3883,2025-04-09,1
37479,3769,3822,2025-04-09,0
37480,3876,3879,2025-04-09,1
37481,3883,3769,2025-04-09,1
37482,3881,3882,2025-04-10,0
37483,3877,3880,2025-04-10,1
37484,3878,3881,2025-04-10,1
37485,3882,3877,2025-04-10,0
37486,3880,3878,2025-04-10,0
37487,3877,3881,2025-04-11,1
37488,3882,3881,2025-04-11,0
37489,3877,3882,2025-04-11,1
37490,3876,3882,2025-04-16,1
37491,3877,3883,2025-04-16,1
37492,3878,3822,2025-04-17,1
37493,3879,3881,2025-04-17,1
37494,4115,3921,2025-04-03,0
37495,3916,3919,2025-04-03,0
37496,3735,4116,2025-04-03,1
37497,4116,3916,2025-04-04,1
37498,3921,3735,2025-04-04,0
37499,4115,3919,2025-04-04,0
37500,4116,4115,2025-04-09,1
37501,3735,3916,2025-04-09,1
37502,3919,3921,2025-04-09,1
37503,4116,3919,2025-04-10,1
37504,3735,4115,2025-04-10,1
37505,3921,3916,2025-04-10,1
37506,3735,3919,2025-04-11,1
37507,4116,3921,2025-04-11,1
37508,4115,3916,2025-04-11,0
37509,3916,3921,2025-04-16,1
37510,4115,3919,2025-04-16,1
37511,3735,3921,2025-04-17,1
37512,4116,3919,2025-04-18,0
37513,3973,3985,2025-04-04,0
37514,4077,3967,2025-04-04,1
37515,3942,3974,2025-04-04,1
37516,3972,3969,2025-04-04,1
37517,3986,3971,2025-04-04,1
37518,4080,4081,2025-04-04,1
37519,3974,3969,2025-04-05,0
37520,3986,3972,2025-04-05,1
37521,3967,3973,2025-04-05,1
37522,4077,3985,2025-04-05,0
37523,3971,4081,2025-04-05,1
37524,4080,3942,2025-04-05,1
37525,3973,4081,2025-04-06,0
37526,3972,3974,2025-04-06,1
37527,4077,3942,2025-04-06,0
37528,3967,3971,2025-04-06,0
37529,3986,3969,2025-04-06,1
37530,4080,3985,2025-04-06,1
37531,3973,3986,2025-04-11,0
37532,3967,3974,2025-04-11,1
37533,3969,3972,2025-04-11,0
37534,4077,4080,2025-04-11,0
37535,3971,4081,2025-04-11,1
37536,3942,3985,2025-04-11,1
37537,3974,4081,2025-04-12,0
37538,3969,4077,2025-04-12,0
37539,3985,3973,2025-04-12,1
37540,3972,4080,2025-04-12,0
37541,3942,3971,2025-04-12,1
37542,3967,3986,2025-04-12,0
37543,3974,3973,2025-04-13,0
37544,3985,3969,2025-04-13,1
37545,4081,3972,2025-04-13,0
37546,4077,3971,2025-04-13,1
37547,4080,3967,2025-04-13,1
37548,3986,3942,2025-04-13,0
37549,3986,3969,2025-04-16,1
37550,3942,3973,2025-04-16,1
37551,3974,3967,2025-04-16,0
37552,4080,4081,2025-04-16,1
37553,3972,4077,2025-04-16,0
37554,3985,3971,2025-04-16,1
37555,3974,3973,2025-04-17,0
37556,4080,3986,2025-04-17,1
37557,3969,4081,2025-04-17,0
37558,3972,3971,2025-04-17,0
37559,3967,4077,2025-04-17,0
37560,3985,3942,2025-04-17,0
37561,3986,3973,2025-04-18,1
37562,3985,3967,2025-04-18,1
37563,4081,3974,2025-04-18,1
37564,3969,3972,2025-04-18,0
37565,4077,3971,2025-04-18,0
37566,3942,4080,2025-04-18,1
37567,3951,3944,2025-04-05,0
37568,3952,3946,2025-04-05,0
37569,3945,3954,2025-04-05,1
37570,3943,3953,2025-04-05,0
37571,3952,3951,2025-04-06,1
37572,3945,3953,2025-04-06,1
37573,3946,3954,2025-04-06,1
37574,3943,3944,2025-04-06,0
37575,3943,3945,2025-04-12,0
37576,3951,3954,2025-04-12,0
37577,3946,3953,2025-04-12,0
37578,3952,3944,2025-04-12,1
37579,3946,3943,2025-04-13,0
37580,3945,3951,2025-04-13,1
37581,3953,3944,2025-04-13,0
37582,3954,3952,2025-04-13,0
37583,3953,3952,2025-04-19,0
37584,3954,3944,2025-04-19,0
37585,3946,3945,2025-04-19,1
37586,3951,3943,2025-04-19,0
37587,3944,3946,2025-04-20,1
37588,3954,3943,2025-04-20,0
37589,3951,3953,2025-04-20,1
37590,3958,3948,2025-04-05,0
37591,3947,3957,2025-04-05,1
37592,3950,3956,2025-04-05,0
37593,3955,3949,2025-04-06,0
37594,3947,3950,2025-04-06,0
37595,3958,3956,2025-04-06,1
37596,3955,3948,2025-04-06,0
37597,3949,3957,2025-04-06,1
37598,3950,3955,2025-04-12,1
37599,3956,3948,2025-04-12,0
37600,3957,3958,2025-04-12,0
37601,3949,3947,2025-04-12,1
37602,3956,3955,2025-04-13,1
37603,3947,3948,2025-04-13,0
37604,3958,3949,2025-04-13,1
37605,3950,3957,2025-04-13,1
37606,3948,3949,2025-04-19,1
37607,3950,3958,2025-04-19,1
37608,3957,3956,2025-04-19,0
37609,3955,3947,2025-04-19,0
37610,4020,4018,2025-04-07,0
37611,4014,4017,2025-04-07,1
37612,4015,4019,2025-04-08,0
37613,4016,4064,2025-04-08,1
37614,4014,4018,2025-04-09,1
37615,4020,4017,2025-04-09,0
37616,4019,4016,2025-04-14,0
37617,4015,4064,2025-04-14,1
37618,4018,4019,2025-04-15,1
37619,4020,4015,2025-04-15,1
37620,4014,4016,2025-04-16,1
37621,4017,4064,2025-04-16,1
37622,4009,4008,2025-04-08,1
37623,4004,4012,2025-04-08,1
37624,3727,4010,2025-04-09,1
37625,4006,4011,2025-04-09,1
37626,4012,4009,2025-04-10,1
37627,4006,3727,2025-04-10,1
37628,4004,4011,2025-04-11,1
37629,4010,4008,2025-04-11,0
37630,4006,4008,2025-04-15,1
37631,4004,3727,2025-04-15,1
37632,4009,4011,2025-04-18,1
37633,4010,4012,2025-04-18,0
37634,3978,3979,2025-04-08,1
37635,3984,3980,2025-04-08,1
37636,4129,3977,2025-04-09,1
37637,3983,4131,2025-04-09,1
37638,3984,4129,2025-04-15,1
37639,3979,3980,2025-04-15,1
37640,3978,4131,2025-04-16,1
37641,3983,3984,2025-04-17,0
37642,3980,4129,2025-04-17,0
37643,3869,3753,2025-04-08,0
37644,3867,3868,2025-04-08,1
37645,3871,3754,2025-04-08,1
37646,3873,3874,2025-04-08,1
37647,3872,3870,2025-04-08,1
37648,3870,3869,2025-04-09,1
37649,3754,3867,2025-04-09,0
37650,3874,3753,2025-04-09,0
37651,3872,3871,2025-04-09,1
37652,3868,3873,2025-04-09,0
37653,3874,3869,2025-04-10,1
37654,3872,3867,2025-04-10,1
37655,3868,3753,2025-04-10,0
37656,3871,3870,2025-04-10,0
37657,3873,3754,2025-04-10,0
37658,3868,3869,2025-04-15,1
37659,3870,3874,2025-04-15,1
37660,3867,3871,2025-04-15,1
37661,3872,3873,2025-04-15,0
37662,3754,3753,2025-04-15,0
37663,3754,3869,2025-04-16,1
37664,3874,3868,2025-04-16,1
37665,3871,3873,2025-04-16,0
37666,3872,3753,2025-04-16,1
37667,3870,3867,2025-04-16,1
37668,3874,3754,2025-04-17,1
37669,3872,3869,2025-04-17,1
37670,3870,3868,2025-04-17,1
37671,3873,3867,2025-04-17,1
37672,3753,3871,2025-04-17,1
37673,3912,3923,2025-04-09,1
37674,3940,3913,2025-04-09,1
37675,3918,3760,2025-04-09,1
37676,3925,3922,2025-04-09,1
37677,3924,3935,2025-04-09,0
37678,3760,3912,2025-04-10,0
37679,3923,3913,2025-04-10,0
37680,3940,3925,2025-04-10,0
37681,3918,3935,2025-04-10,0
37682,3922,3924,2025-04-10,0
37683,3912,3935,2025-04-15,0
37684,3913,3925,2025-04-15,0
37685,3918,3922,2025-04-15,0
37686,3924,3940,2025-04-15,0
37687,3760,3923,2025-04-15,1
37688,3923,3925,2025-04-16,1
37689,3760,3935,2025-04-16,1
37690,3913,3924,2025-04-16,0
37691,3918,3940,2025-04-16,0
37692,3912,3922,2025-04-16,1
37693,3923,3935,2025-04-17,0
37694,3760,3922,2025-04-17,1
37695,3918,3913,2025-04-17,1
37696,3925,3924,2025-04-17,1
37697,3912,3940,2025-04-17,0
37698,3918,3925,2025-04-18,0
37699,3760,3940,2025-04-18,1
37700,3924,3923,2025-04-18,1
37701,3922,3935,2025-04-18,1
37702,3912,3913,2025-04-18,1
37703,4039,4044,2025-04-09,0
37704,4041,3774,2025-04-09,1
37705,4038,3775,2025-04-09,0
37706,4038,3774,2025-04-10,0
37707,3775,4040,2025-04-10,1
37708,4041,4044,2025-04-10,0
37709,4042,4039,2025-04-10,1
37710,4044,4038,2025-04-11,1
37711,4041,4042,2025-04-11,0
37712,3775,3774,2025-04-11,1
37713,4041,4039,2025-04-16,1
37714,4044,3775,2025-04-16,0
37715,4042,4038,2025-04-16,1
37716,3774,4040,2025-04-16,0
37717,3774,4044,2025-04-17,1
37718,4038,4039,2025-04-17,1
37719,4042,3775,2025-04-17,1
37720,4041,4040,2025-04-17,0
37721,3775,4039,2025-04-18,1
37722,4042,3774,2025-04-18,1
37723,4044,4040,2025-04-18,1
37724,4038,4041,2025-04-18,1
37725,4001,4130,2025-04-09,0
37726,4000,4132,2025-04-09,1
37727,4003,4130,2025-04-10,0
37728,3999,4001,2025-04-10,1
37729,3999,4000,2025-04-11,0
37730,4003,4132,2025-04-11,1
37731,4001,4000,2025-04-16,0
37732,4003,3999,2025-04-16,1
37733,4130,4132,2025-04-17,1
37734,4001,4003,2025-04-17,0
37735,3852,3851,2025-04-12,0
37736,3850,3853,2025-04-12,1
37737,3856,3959,2025-04-12,0
37738,3855,3854,2025-04-12,0
37739,3856,3852,2025-04-13,0
37740,3854,3853,2025-04-13,1
37741,3850,3959,2025-04-13,1
37742,3851,3855,2025-04-13,1
37743,3851,3856,2025-04-19,1
37744,3850,3852,2025-04-19,1
37745,3855,3853,2025-04-19,1
37746,3959,3854,2025-04-19,1
37747,3856,3850,2025-04-20,0
37748,3852,3854,2025-04-20,0
37749,3959,3855,2025-04-20,0
37750,3853,3851,2025-04-20,0
37751,4029,4144,2025-04-17,1
37752,3767,4034,2025-04-17,0
37753,4043,4028,2025-04-17,1
37754,3782,4036,2025-04-17,1
37755,4036,4029,2025-04-18,1
37756,4144,4034,2025-04-18,0
37757,3782,4043,2025-04-18,1
37758,4028,3767,2025-04-18,1
37759,3886,3885,2025-04-19,0
37760,3890,3884,2025-04-19,1
37761,3889,3891,2025-04-20,1
37762,3887,3888,2025-04-20,1
37763,3814,3831,2025-04-21,1
37764,4147,4148,2025-04-30,1
37765,4147,3988,2025-05-01,1
37766,4149,4150,2025-05-01,1
37767,3816,4149,2025-05-06,1
37768,4053,4145,2025-02-28,0
37769,4057,4145,2025-03-01,1
37770,4145,4057,2025-03-21,0
37771,4145,4053,2025-03-22,0
37772,4071,4074,2025-04-22,1
37773,4076,3995,2025-04-22,1
37774,4072,3996,2025-04-23,1
37775,4070,3993,2025-04-23,1
37776,3995,4071,2025-04-28,0
37777,4075,4073,2025-04-28,0
37778,3995,3996,2025-04-29,1
37779,4073,4074,2025-04-29,1
37780,4071,3993,2025-04-30,1
37781,4070,4075,2025-04-30,1
37782,4076,4074,2025-05-05,1
37783,4073,3993,2025-05-05,0
37784,4075,3995,2025-05-06,1
37785,4072,4071,2025-05-06,0
37786,4076,4070,2025-05-12,0
37787,3996,4071,2025-05-12,0
37788,3995,4073,2025-05-13,1
37789,4075,4072,2025-05-13,0
37790,4074,3993,2025-05-14,1
37791,3996,4070,2025-05-14,1
37792,4076,4074,2025-05-19,1
37793,4072,3996,2025-05-19,1
37794,4070,4076,2025-05-20,1
37795,4071,4072,2025-05-20,1
37796,4074,3996,2025-05-26,1
37797,4114,4085,2025-04-22,1
37798,4083,4110,2025-04-22,1
37799,4082,4109,2025-04-28,1
37800,4110,4084,2025-04-28,0
37801,4085,4109,2025-04-29,1
37802,4084,4114,2025-05-05,1
37803,4109,4083,2025-05-05,0
37804,4082,4085,2025-05-05,1
37805,4082,4083,2025-05-13,1
37806,4110,4114,2025-05-19,1
37807,4082,4114,2025-05-21,1
37808,4112,4088,2025-04-20,0
37809,4111,4090,2025-04-20,1
37810,4086,4091,2025-04-21,1
37811,4091,4088,2025-04-21,1
37812,4089,4112,2025-04-21,1
37813,4111,4086,2025-04-22,1
37814,4090,4128,2025-04-27,1
37815,4091,4089,2025-04-27,1
37816,4088,4086,2025-05-04,0
37817,4128,4111,2025-05-04,0
37818,4090,4112,2025-05-05,1
37819,4112,4091,2025-05-12,1
37820,4088,4086,2025-05-14,0
37821,4091,4086,2025-05-20,1
37822,4088,4112,2025-05-26,1
37823,4146,3927,2025-04-22,1
37824,3908,3982,2025-04-22,1
37825,3915,3762,2025-04-22,1
37826,3926,4146,2025-04-23,1
37827,3914,3915,2025-04-23,1
37828,3909,3927,2025-04-25,1
37829,3982,3910,2025-04-25,1
37830,3762,3908,2025-04-25,1
37831,3762,3982,2025-04-29,1
37832,3910,3927,2025-04-29,0
37833,3908,3914,2025-04-29,1
37834,3909,3926,2025-04-30,0
37835,3915,4146,2025-04-30,0
37836,3909,3915,2025-05-06,1
37837,3927,3926,2025-05-06,1
37838,3762,3910,2025-05-06,0
37839,3914,3982,2025-05-07,1
37840,3908,4146,2025-05-07,0
37841,3909,3908,2025-05-13,0
37842,3914,3762,2025-05-13,1
37843,3926,3910,2025-05-13,0
37844,3927,3915,2025-05-14,1
37845,3982,4146,2025-05-14,1
37846,3762,3915,2025-05-20,1
37847,3914,3982,2025-05-21,0
37848,3765,4025,2025-04-22,0
37849,4023,4024,2025-04-24,1
37850,4033,4022,2025-04-24,1
37851,3765,4035,2025-04-29,1
37852,4024,4022,2025-04-29,1
37853,3755,4025,2025-05-01,0
37854,4023,4033,2025-05-01,0
37855,4023,4022,2025-05-06,1
37856,3765,3755,2025-05-06,0
37857,4033,4024,2025-05-08,0
37858,4025,4035,2025-05-08,1
37859,4033,4025,2025-05-13,1
37860,4023,4033,2025-05-15,1
37861,4023,4035,2025-05-20,0
37862,4035,4024,2025-05-24,0
37863,4096,4094,2025-04-23,1
37864,4095,4092,2025-04-23,1
37865,4093,4099,2025-04-24,0
37866,3748,3757,2025-04-25,1
37867,4093,4098,2025-04-25,1
37868,4097,4099,2025-04-25,0
37869,4095,3757,2025-04-30,1
37870,4096,4092,2025-04-30,1
37871,4093,3748,2025-05-01,1
37872,4094,4099,2025-05-01,1
37873,4092,3757,2025-05-02,0
37874,4097,4098,2025-05-02,1
37875,4099,4096,2025-05-06,1
37876,4095,4093,2025-05-07,0
37877,4097,3748,2025-05-07,0
37878,4098,4094,2025-05-07,0
37879,4092,4099,2025-05-08,1
37880,4093,3757,2025-05-08,1
37881,4098,4096,2025-05-09,1
37882,4094,3748,2025-05-09,1
37883,4095,4097,2025-05-10,1
37884,4094,4098,2025-05-15,0
37885,4093,3757,2025-05-15,1
37886,4096,4093,2025-05-16,1
37887,4095,4098,2025-05-16,1
37888,4094,3757,2025-05-22,1
37889,4098,4094,2025-05-23,0
37890,3928,3933,2025-04-30,0
37891,3931,3934,2025-04-30,1
37892,3930,3936,2025-04-30,1
37893,3929,3937,2025-04-30,0
37894,3934,3936,2025-05-01,1
37895,3929,3931,2025-05-01,1
37896,3937,3928,2025-05-01,1
37897,3930,3933,2025-05-01,1
37898,3928,3930,2025-05-02,0
37899,3933,3934,2025-05-02,0
37900,3929,3936,2025-05-02,0
37901,3931,3937,2025-05-02,0
37902,3937,3930,2025-05-07,1
37903,3936,3931,2025-05-07,0
37904,3929,3933,2025-05-07,1
37905,3934,3928,2025-05-07,1
37906,3928,3929,2025-05-08,0
37907,3930,3934,2025-05-08,0
37908,3936,3937,2025-05-08,0
37909,3931,3933,2025-05-08,1
37910,3934,3937,2025-05-09,0
37911,3929,3930,2025-05-09,1
37912,3931,3928,2025-05-09,0
37913,3936,3933,2025-05-09,0
37914,3930,3933,2025-05-14,0
37915,3931,3929,2025-05-15,0
37916,3934,3937,2025-05-16,1
37917,3929,3930,2025-05-21,1
37918,3934,3930,2025-05-23,1
37919,4102,4105,2025-04-26,1
37920,4104,4103,2025-04-26,0
37921,4108,4100,2025-04-26,0
37922,4107,4101,2025-04-26,0
37923,4108,4102,2025-04-26,0
37924,4103,4100,2025-04-26,1
37925,4101,4106,2025-04-26,0
37926,4105,4107,2025-04-26,1
37927,4108,4106,2025-04-27,1
37928,4105,4101,2025-04-27,1
37929,4104,4100,2025-04-27,0
37930,4103,4107,2025-04-27,0
37931,4102,4104,2025-04-27,1
37932,4103,4105,2025-04-27,0
37933,4108,4107,2025-04-27,1
37934,4106,4100,2025-04-27,0
37935,4102,4106,2025-05-03,0
37936,4103,4101,2025-05-03,0
37937,4105,4108,2025-05-03,0
37938,4107,4100,2025-05-03,0
37939,4100,4105,2025-05-03,0
37940,4108,4101,2025-05-03,1
37941,4102,4107,2025-05-03,1
37942,4106,4104,2025-05-03,1
37943,4108,4103,2025-05-04,1
37944,4101,4100,2025-05-04,0
37945,4104,4107,2025-05-04,1
37946,4102,4105,2025-05-04,1
37947,4106,4107,2025-05-04,1
37948,4103,4100,2025-05-04,0
37949,4105,4104,2025-05-04,1
37950,4102,4101,2025-05-04,0
37951,4108,4100,2025-05-10,1
37952,4105,4106,2025-05-10,1
37953,4103,4102,2025-05-10,0
37954,4101,4104,2025-05-10,1
37955,4103,4104,2025-05-10,1
37956,4102,4108,2025-05-10,0
37957,4105,4107,2025-05-10,1
37958,4101,4106,2025-05-10,0
37959,4108,4104,2025-05-11,1
37960,4101,4107,2025-05-11,1
37961,4106,4103,2025-05-11,0
37962,4100,4102,2025-05-11,0
37963,4101,4103,2025-05-17,1
37964,4108,4106,2025-05-17,1
37965,4105,4103,2025-05-18,0
37966,4102,4108,2025-05-18,0
37967,4105,4102,2025-05-24,0
37968,4103,4108,2025-05-24,0
37969,4102,4108,2025-05-25,1
37970,4105,4102,2025-05-25,0
37971,3897,3893,2025-04-21,1
37972,3894,3898,2025-04-21,1
37973,3896,3901,2025-04-26,1
37974,3898,3899,2025-04-26,1
37975,3901,3899,2025-04-27,1
37976,3898,3896,2025-04-27,1
37977,3897,3892,2025-04-28,1
37978,3894,3895,2025-04-28,1
37979,3899,3895,2025-05-03,1
37980,3900,3893,2025-05-03,1
37981,3896,3895,2025-05-04,1
37982,3901,3894,2025-05-04,1
37983,3899,3892,2025-05-05,1
37984,3898,3897,2025-05-05,1
37985,3897,3901,2025-05-10,1
37986,3894,3900,2025-05-10,1
37987,3897,3894,2025-05-11,1
37988,3901,3900,2025-05-11,1
37989,3892,3896,2025-05-12,0
37990,3893,3898,2025-05-12,0
37991,3892,3894,2025-05-13,1
37992,3899,3901,2025-05-24,1
37993,3900,3898,2025-05-25,1
37994,3898,3901,2025-05-26,0
37995,3863,3857,2025-04-21,1
37996,3862,3861,2025-04-21,1
37997,3859,3858,2025-04-21,1
37998,3864,3865,2025-04-22,1
37999,3860,3866,2025-04-22,1
38000,3858,3857,2025-04-24,1
38001,3861,3860,2025-04-24,0
38002,3864,3863,2025-04-24,1
38003,3859,3865,2025-04-25,0
38004,3866,3862,2025-04-25,0
38005,3861,3859,2025-04-28,1
38006,3865,3863,2025-04-28,1
38007,3860,3857,2025-04-28,0
38008,3862,3858,2025-04-29,0
38009,3864,3866,2025-04-29,1
38010,3865,3859,2025-05-01,1
38011,3862,3866,2025-05-01,1
38012,3861,3858,2025-05-01,0
38013,3857,3863,2025-05-02,1
38014,3864,3860,2025-05-04,1
38015,3865,3861,2025-05-05,1
38016,3859,3866,2025-05-05,1
38017,3858,3862,2025-05-05,1
38018,3857,3860,2025-05-06,1
38019,3863,3864,2025-05-06,1
38020,3858,3865,2025-05-08,1
38021,3859,3862,2025-05-08,0
38022,3860,3861,2025-05-08,0
38023,3857,3864,2025-05-09,1
38024,3866,3863,2025-05-09,1
38025,3864,3858,2025-05-12,1
38026,3863,3861,2025-05-12,0
38027,3866,3860,2025-05-12,1
38028,3859,3857,2025-05-13,0
38029,3862,3865,2025-05-13,0
38030,3858,3863,2025-05-15,1
38031,3866,3864,2025-05-15,0
38032,3865,3857,2025-05-15,1
38033,3861,3862,2025-05-16,1
38034,3860,3859,2025-05-16,1
38035,3862,3857,2025-05-19,1
38036,3864,3865,2025-05-19,1
38037,3860,3863,2025-05-19,0
38038,3858,3866,2025-05-20,1
38039,3859,3861,2025-05-20,1
38040,3862,3860,2025-05-22,1
38041,3864,3859,2025-05-22,1
38042,3861,3866,2025-05-22,0
38043,3863,3865,2025-05-23,0
38044,3857,3858,2025-05-23,1
38045,3866,3865,2025-05-26,0
38046,3860,3858,2025-05-26,1
38047,3861,3857,2025-05-26,1
38048,3864,3862,2025-05-27,1
38049,3863,3859,2025-05-27,1
38050,3902,3907,2025-04-22,1
38051,3729,3732,2025-04-22,1
38052,3905,4113,2025-04-22,1
38053,3904,3906,2025-04-22,1
38054,3904,4113,2025-04-23,0
38055,3905,3907,2025-04-23,0
38056,3902,3732,2025-04-23,1
38057,3732,3905,2025-04-24,0
38058,3729,3902,2025-04-24,0
38059,3907,3904,2025-04-24,1
38060,4113,3906,2025-04-24,1
38061,3904,3732,2025-04-29,0
38062,3906,3907,2025-04-29,0
38063,4113,3729,2025-04-29,0
38064,3905,3902,2025-04-29,1
38065,3907,4113,2025-04-30,0
38066,3902,3904,2025-04-30,1
38067,3732,3906,2025-04-30,1
38068,3729,3905,2025-04-30,1
38069,3904,3905,2025-05-01,1
38070,3907,3729,2025-05-01,1
38071,3906,3902,2025-05-01,0
38072,4113,3732,2025-05-01,1
38073,3902,4113,2025-05-06,1
38074,3905,3906,2025-05-06,1
38075,3729,3904,2025-05-06,1
38076,3732,3907,2025-05-06,0
38077,3907,3902,2025-05-07,1
38078,3906,3904,2025-05-07,0
38079,4113,3905,2025-05-07,1
38080,3732,3729,2025-05-07,0
38081,4113,3732,2025-05-14,1
38082,3729,3904,2025-05-14,1
38083,3902,3732,2025-05-15,0
38084,3907,3729,2025-05-16,1
38085,3729,3732,2025-05-17,1
38086,3902,3907,2025-05-18,1
38087,3843,3841,2025-04-23,0
38088,3844,3842,2025-04-23,1
38089,3848,3875,2025-04-24,1
38090,3845,3840,2025-04-24,1
38091,3841,3844,2025-04-25,0
38092,3846,3849,2025-04-25,1
38093,3875,3842,2025-04-26,1
38094,3843,3848,2025-04-26,0
38095,3840,3846,2025-04-27,1
38096,3849,3845,2025-04-27,1
38097,3844,3849,2025-04-30,0
38098,3842,3845,2025-04-30,0
38099,3848,3841,2025-05-01,1
38100,3840,3843,2025-05-01,1
38101,3846,3875,2025-05-02,1
38102,3845,3844,2025-05-02,1
38103,3848,3849,2025-05-03,1
38104,3843,3842,2025-05-03,1
38105,3841,3846,2025-05-04,0
38106,3875,3840,2025-05-04,1
38107,3842,3840,2025-05-07,1
38108,3849,3841,2025-05-07,0
38109,3846,3843,2025-05-08,1
38110,3844,3848,2025-05-08,0
38111,3875,3841,2025-05-09,0
38112,3840,3845,2025-05-09,0
38113,3849,3846,2025-05-10,0
38114,3848,3842,2025-05-10,1
38115,3844,3875,2025-05-11,1
38116,3845,3843,2025-05-11,1
38117,3842,3844,2025-05-14,1
38118,3843,3849,2025-05-14,1
38119,3841,3845,2025-05-15,0
38120,3846,3840,2025-05-15,1
38121,3849,3842,2025-05-16,1
38122,3875,3848,2025-05-16,0
38123,3843,3844,2025-05-17,1
38124,3841,3840,2025-05-17,1
38125,3845,3875,2025-05-18,1
38126,3848,3846,2025-05-18,1
38127,3848,3845,2025-05-21,1
38128,3875,3843,2025-05-21,1
38129,3840,3849,2025-05-22,1
38130,3846,3842,2025-05-22,1
38131,3848,3843,2025-05-23,1
38132,3844,3841,2025-05-23,1
38133,3845,3849,2025-05-24,0
38134,3875,3846,2025-05-24,0
38135,3840,3844,2025-05-25,1
38136,3842,3841,2025-05-25,1
38137,3962,3939,2025-04-20,0
38138,3962,3961,2025-04-26,1
38139,3939,4013,2025-04-27,1
38140,3932,4013,2025-05-01,1
38141,3932,3938,2025-05-01,1
38142,3938,3726,2025-05-03,1
38143,3726,4005,2025-05-03,0
38144,3939,3961,2025-05-04,0
38145,4013,3962,2025-05-04,1
38146,4005,3938,2025-05-10,0
38147,3932,3939,2025-05-10,1
38148,3961,3726,2025-05-11,1
38149,4013,4005,2025-05-11,0
38150,3938,3939,2025-05-17,1
38151,3962,3726,2025-05-17,1
38152,3932,3961,2025-05-18,1
38153,4005,3962,2025-05-21,1
38154,3938,3939,2025-05-24,0
38155,3932,3961,2025-05-25,1
38156,3769,3882,2025-04-23,1
38157,3822,3880,2025-04-24,1
38158,3877,3876,2025-04-30,1
38159,3878,3881,2025-04-30,0
38160,3883,3882,2025-05-01,1
38161,3879,3822,2025-05-07,1
38162,3883,3876,2025-05-08,0
38163,3878,3879,2025-05-14,1
38164,3877,3881,2025-05-15,1
38165,3876,3879,2025-05-22,1
38166,3916,4115,2025-04-23,1
38167,3916,3921,2025-04-24,1
38168,4116,3916,2025-04-25,0
38169,3735,3919,2025-05-03,1
38170,3735,4116,2025-05-16,1
38171,3919,4116,2025-05-23,0
38172,3985,4077,2025-04-25,0
38173,3986,3971,2025-04-25,1
38174,3985,4080,2025-04-29,1
38175,3942,3986,2025-04-29,1
38176,3942,4080,2025-05-06,0
38177,3945,3952,2025-04-20,0
38178,3953,3954,2025-04-21,1
38179,3944,3945,2025-04-21,1
38180,3943,3952,2025-04-21,1
38181,3951,3946,2025-04-21,0
38182,3944,3946,2025-04-26,1
38183,3945,3951,2025-04-26,1
38184,3954,3953,2025-04-27,0
38185,3952,3943,2025-04-27,1
38186,3954,3943,2025-05-03,0
38187,3952,3953,2025-05-03,1
38188,3944,3945,2025-05-04,0
38189,3946,3951,2025-05-04,0
38190,3951,3944,2025-05-10,1
38191,3946,3945,2025-05-10,1
38192,3952,3954,2025-05-11,0
38193,3943,3953,2025-05-11,0
38194,3944,3952,2025-05-17,1
38195,3954,3951,2025-05-17,1
38196,3943,3945,2025-05-18,1
38197,3946,3953,2025-05-18,1
38198,3944,3943,2025-05-24,1
38199,3945,3952,2025-05-25,0
38200,3949,3956,2025-04-20,0
38201,3950,3948,2025-04-20,1
38202,3958,3947,2025-04-20,1
38203,3957,3955,2025-04-20,1
38204,3948,3957,2025-04-21,1
38205,3949,3950,2025-04-21,0
38206,3955,3958,2025-04-21,1
38207,3956,3947,2025-04-21,1
38208,3956,3948,2025-04-26,0
38209,3958,3949,2025-04-26,1
38210,3950,3955,2025-04-27,1
38211,3957,3947,2025-04-27,0
38212,3948,3947,2025-05-03,1
38213,3958,3955,2025-05-03,1
38214,3956,3957,2025-05-04,1
38215,3949,3950,2025-05-04,1
38216,3950,3958,2025-05-10,1
38217,3947,3956,2025-05-10,0
38218,3948,3957,2025-05-11,1
38219,3955,3949,2025-05-11,0
38220,3950,3948,2025-05-17,0
38221,3949,3957,2025-05-17,0
38222,3958,3947,2025-05-18,1
38223,3956,3955,2025-05-18,1
38224,3948,3947,2025-05-24,0
38225,3950,3958,2025-05-25,1
38226,4018,4015,2025-04-21,1
38227,4020,4016,2025-04-21,1
38228,4014,4019,2025-04-22,1
38229,4018,4017,2025-04-23,1
38230,4020,4019,2025-04-23,1
38231,4015,4014,2025-04-28,0
38232,4017,4016,2025-04-28,0
38233,4018,4064,2025-04-29,1
38234,4020,4014,2025-04-29,1
38235,4019,4064,2025-04-30,1
38236,4015,4016,2025-04-30,1
38237,4018,4016,2025-05-05,1
38238,4017,4019,2025-05-06,0
38239,4014,4064,2025-05-06,1
38240,4015,4020,2025-05-07,1
38241,4019,4018,2025-05-07,1
38242,4064,4015,2025-05-12,1
38243,4016,4019,2025-05-12,1
38244,4014,4018,2025-05-13,1
38245,4017,4020,2025-05-13,0
38246,4064,4020,2025-05-14,0
38247,4016,4018,2025-05-14,0
38248,4020,4016,2025-05-19,1
38249,4064,4017,2025-05-19,1
38250,4019,4014,2025-05-20,0
38251,4064,4018,2025-05-20,1
38252,4015,4017,2025-05-21,1
38253,4014,4016,2025-05-21,1
38254,4064,4019,2025-05-26,1
38255,4015,4014,2025-05-26,0
38256,4017,4018,2025-05-26,0
38257,4009,3727,2025-04-22,1
38258,4010,4011,2025-04-22,0
38259,4004,4008,2025-04-24,1
38260,4006,4012,2025-04-24,1
38261,4011,4008,2025-04-25,1
38262,3727,4012,2025-04-25,0
38263,4010,4009,2025-04-29,0
38264,4006,4004,2025-04-29,1
38265,4008,3727,2025-05-02,0
38266,4012,4011,2025-05-02,1
38267,4009,4006,2025-05-06,1
38268,4004,4010,2025-05-06,0
38269,3727,4011,2025-05-08,0
38270,4012,4008,2025-05-08,0
38271,4004,4009,2025-05-09,1
38272,4006,4010,2025-05-09,1
38273,4011,3727,2025-05-13,0
38274,4006,4004,2025-05-14,0
38275,4004,4010,2025-05-15,1
38276,4012,4011,2025-05-16,0
38277,4006,3727,2025-05-20,1
38278,4011,4010,2025-05-23,0
38279,4011,3727,2025-05-27,1
38280,3977,3978,2025-04-22,1
38281,4131,3979,2025-04-22,0
38282,3978,4129,2025-04-23,1
38283,3977,3979,2025-04-24,1
38284,3984,4131,2025-04-24,1
38285,3978,3983,2025-04-26,0
38286,3977,4131,2025-04-27,0
38287,4129,4131,2025-04-29,1
38288,3984,3979,2025-04-29,1
38289,3980,3978,2025-04-30,1
38290,3983,4129,2025-04-30,1
38291,3977,3983,2025-05-01,1
38292,3977,3984,2025-05-06,1
38293,3980,4131,2025-05-06,0
38294,3979,3983,2025-05-07,1
38295,3984,3978,2025-05-07,1
38296,4129,3979,2025-05-08,1
38297,3977,3980,2025-05-08,1
38298,3978,3979,2025-05-15,1
38299,3977,4131,2025-05-15,0
38300,3977,3978,2025-05-17,1
38301,4131,3977,2025-05-18,0
38302,3868,3754,2025-04-22,1
38303,3869,3871,2025-04-22,0
38304,3753,3867,2025-04-22,1
38305,3874,3872,2025-04-22,1
38306,3870,3873,2025-04-22,1
38307,3867,3869,2025-04-23,1
38308,3870,3754,2025-04-23,1
38309,3872,3868,2025-04-23,0
38310,3871,3874,2025-04-23,0
38311,3753,3873,2025-04-23,0
38312,3873,3869,2025-04-24,1
38313,3874,3867,2025-04-24,1
38314,3868,3871,2025-04-24,0
38315,3754,3872,2025-04-24,1
38316,3870,3753,2025-04-24,1
38317,3867,3872,2025-04-24,0
38318,3872,3874,2025-04-24,0
38319,3870,3868,2025-04-30,1
38320,3867,3753,2025-04-30,0
38321,3874,3872,2025-04-30,0
38322,3871,3873,2025-04-30,0
38323,3870,3872,2025-05-06,1
38324,3753,3873,2025-05-06,1
38325,3867,3868,2025-05-08,0
38326,3874,3871,2025-05-08,1
38327,3872,3868,2025-05-14,1
38328,3874,3753,2025-05-14,1
38329,3870,3873,2025-05-15,1
38330,3874,3868,2025-05-20,0
38331,3873,3874,2025-05-22,0
38332,3940,3935,2025-04-23,1
38333,3922,3923,2025-04-23,1
38334,3918,3924,2025-04-23,1
38335,3912,3925,2025-04-23,1
38336,3760,3913,2025-04-23,1
38337,3918,3923,2025-04-24,0
38338,3940,3922,2025-04-24,1
38339,3924,3912,2025-04-24,0
38340,3760,3925,2025-04-24,0
38341,3913,3935,2025-04-24,0
38342,3940,3923,2025-04-25,1
38343,3918,3912,2025-04-25,1
38344,3925,3935,2025-04-25,0
38345,3924,3760,2025-04-25,1
38346,3922,3913,2025-04-25,1
38347,3918,3922,2025-04-26,1
38348,3922,3924,2025-04-26,1
38349,3924,3918,2025-04-26,0
38350,3912,3918,2025-04-30,1
38351,3922,3935,2025-04-30,1
38352,3760,3925,2025-05-01,1
38353,3940,3924,2025-05-01,1
38354,3760,3922,2025-05-07,1
38355,3918,3924,2025-05-07,0
38356,3912,3925,2025-05-08,1
38357,3940,3935,2025-05-08,1
38358,3912,3918,2025-05-09,0
38359,3760,3940,2025-05-09,1
38360,3935,3913,2025-05-14,1
38361,3923,3925,2025-05-14,1
38362,3912,3923,2025-05-15,1
38363,3940,3935,2025-05-15,1
38364,3940,3918,2025-05-20,1
38365,3760,3912,2025-05-21,1
38366,3922,3924,2025-05-22,0
38367,3940,3912,2025-05-23,0
38368,4041,3775,2025-04-23,1
38369,4038,4040,2025-04-23,1
38370,4042,4044,2025-04-23,1
38371,4038,4041,2025-04-25,1
38372,4040,3775,2025-04-25,1
38373,4042,4039,2025-04-30,1
38374,4044,3774,2025-04-30,1
38375,4042,4041,2025-05-01,1
38376,3774,3775,2025-05-01,1
38377,4040,4044,2025-05-02,1
38378,4042,4038,2025-05-07,1
38379,4044,3775,2025-05-07,1
38380,4041,4039,2025-05-08,1
38381,3774,4040,2025-05-08,0
38382,4038,4040,2025-05-09,1
38383,4042,3775,2025-05-09,1
38384,4044,4039,2025-05-09,1
38385,4041,3774,2025-05-09,1
38386,4038,4039,2025-05-14,1
38387,4042,4044,2025-05-15,1
38388,3775,4038,2025-05-15,1
38389,4038,4041,2025-05-16,1
38390,4044,4039,2025-05-16,1
38391,4044,4038,2025-05-21,1
38392,4042,3775,2025-05-21,0
38393,3775,4038,2025-05-22,0
38394,4042,3775,2025-05-23,1
38395,4000,4130,2025-04-23,1
38396,4132,3999,2025-04-23,0
38397,4132,4001,2025-04-24,1
38398,4130,3999,2025-04-24,1
38399,4000,4003,2025-04-25,1
38400,4130,4048,2025-05-07,1
38401,3999,4047,2025-05-07,1
38402,4000,4158,2025-05-08,0
38403,4003,4050,2025-05-08,1
38404,4047,4048,2025-05-14,1
38405,4050,4158,2025-05-14,1
38406,4130,3999,2025-05-15,1
38407,4000,4003,2025-05-15,0
38408,4003,4047,2025-05-21,1
38409,3999,4158,2025-05-21,1
38410,4000,4130,2025-05-22,1
38411,4003,4158,2025-05-22,1
38412,3853,3959,2025-04-26,0
38413,3855,3852,2025-04-26,1
38414,3856,3854,2025-04-26,1
38415,3850,3851,2025-04-26,0
38416,3854,3850,2025-04-27,1
38417,3851,3959,2025-04-27,0
38418,3853,3852,2025-04-27,1
38419,3855,3856,2025-04-27,0
38420,3853,3856,2025-05-03,0
38421,3852,3959,2025-05-03,0
38422,3854,3851,2025-05-03,0
38423,3855,3850,2025-05-03,0
38424,3852,3851,2025-05-04,0
38425,3959,3856,2025-05-04,1
38426,3850,3853,2025-05-04,1
38427,3854,3855,2025-05-04,1
38428,3852,3856,2025-05-10,0
38429,3851,3855,2025-05-10,1
38430,3853,3854,2025-05-10,0
38431,3850,3959,2025-05-10,1
38432,3855,3853,2025-05-11,1
38433,3851,3856,2025-05-11,1
38434,3854,3959,2025-05-11,1
38435,3850,3852,2025-05-11,1
38436,3854,3852,2025-05-17,1
38437,3851,3853,2025-05-17,0
38438,3850,3856,2025-05-17,1
38439,3959,3855,2025-05-17,0
38440,3853,3959,2025-05-18,1
38441,3854,3856,2025-05-18,1
38442,3850,3851,2025-05-18,0
38443,3855,3852,2025-05-18,1
38444,3959,3851,2025-05-24,0
38445,3853,3852,2025-05-24,1
38446,3855,3856,2025-05-24,0
38447,3850,3854,2025-05-24,0
38448,3856,3853,2025-05-25,0
38449,3959,3852,2025-05-25,0
38450,3851,3854,2025-05-25,1
38451,3850,3855,2025-05-25,1
38452,4029,4034,2025-04-24,0
38453,4144,4028,2025-04-24,1
38454,3782,3767,2025-04-24,1
38455,4144,3782,2025-04-25,0
38456,4036,3767,2025-04-25,1
38457,4028,4034,2025-04-25,0
38458,4029,4043,2025-04-25,0
38459,4144,4036,2025-05-01,1
38460,3767,4043,2025-05-01,0
38461,3782,4034,2025-05-01,1
38462,4029,4028,2025-05-01,1
38463,4036,4034,2025-05-02,0
38464,3782,4028,2025-05-02,1
38465,3767,4029,2025-05-02,0
38466,4144,4043,2025-05-02,0
38467,4034,4043,2025-05-09,0
38468,3782,4029,2025-05-09,1
38469,4028,4036,2025-05-09,1
38470,4144,3767,2025-05-09,1
38471,4043,4034,2025-05-13,1
38472,4029,4036,2025-05-13,0
38473,4144,4036,2025-05-13,0
38474,4029,4144,2025-05-13,0
38475,4036,4034,2025-05-16,1
38476,4036,4043,2025-05-22,1
38477,4043,3782,2025-05-23,0
38478,3891,3890,2025-04-26,0
38479,3887,3886,2025-04-26,1
38480,3888,3889,2025-04-27,1
38481,3884,3885,2025-04-27,1
38482,3886,3889,2025-05-03,0
38483,3887,3884,2025-05-03,0
38484,3885,3891,2025-05-04,0
38485,3890,3888,2025-05-04,0
38486,3887,3891,2025-05-10,1
38487,3886,3890,2025-05-10,1
38488,3888,3885,2025-05-11,1
38489,3884,3889,2025-05-11,1
38490,3890,3889,2025-05-16,1
38491,3885,3887,2025-05-16,0
38492,3888,3886,2025-05-17,1
38493,3884,3891,2025-05-17,1
38494,3885,3889,2025-05-18,1
38495,3887,3890,2025-05-18,1
38496,3891,3888,2025-05-23,1
38497,3884,3886,2025-05-23,1
38498,3887,3889,2025-05-24,1
38499,3885,3890,2025-05-24,1
38500,3886,3891,2025-05-25,0
38501,3884,3888,2025-05-25,1
38502,4151,4060,2025-05-08,1
38503,4152,4153,2025-05-08,1
38504,4154,4155,2025-05-08,0
38505,4156,4157,2025-05-08,1
38506,4154,4157,2025-05-09,1
38507,4060,4152,2025-05-09,0
38508,4156,4155,2025-05-09,0
38509,4151,4153,2025-05-09,1
38510,4060,4161,2025-05-10,1
38511,4151,4154,2025-05-10,1
38512,4057,4161,2025-05-27,1
38513,4059,4145,2025-05-27,1
38514,4164,4060,2025-05-27,1
38515,4053,4156,2025-05-27,1
38516,3814,3815,2025-05-12,1
38517,4162,4163,2025-05-12,1
38518,4149,3813,2025-05-12,0
38519,3988,3826,2025-05-12,0
38520,3830,3828,2025-05-12,1
38521,3814,4163,2025-05-14,1
38522,4149,3828,2025-05-14,1
38523,3826,3815,2025-05-14,1
38524,3988,3813,2025-05-14,0
38525,3830,4162,2025-05-14,0
38526,3815,3988,2025-05-19,1
38527,3814,3830,2025-05-19,1
38528,3813,3828,2025-05-19,1
38529,3826,4163,2025-05-19,1
38530,4149,4162,2025-05-19,0
38531,4149,3814,2025-05-21,0
38532,3815,4163,2025-05-21,1
38533,3828,3988,2025-05-21,0
38534,3813,4162,2025-05-21,0
38535,3826,3830,2025-05-21,1
38536,3988,4163,2025-05-26,0
38537,3815,3830,2025-05-26,1
38538,3813,3814,2025-05-26,1
38539,3826,4149,2025-05-26,0
38540,3828,4162,2025-05-26,0
38541,4077,3973,2025-05-21,1
38542,4159,4080,2025-05-21,0
38543,3971,3985,2025-05-21,0
38544,3986,3966,2025-05-21,1
38545,4081,3972,2025-05-21,1
38546,4081,3985,2025-05-22,0
38547,3942,4080,2025-05-22,0
38548,3973,4159,2025-05-22,1
38549,3986,4077,2025-05-22,1
38550,4160,3971,2025-05-22,0
38551,3966,3972,2025-05-22,0
